{
  "total_time": 2.407217264175415,
  "n_iterations": 2,
  "wcss": 98525.27163331515,
  "avg_iteration_time": 1.2036086320877075
}